Country_Code,Country,Continent,GDP_Per_Capita,Population,Bronze_1,Gold_1,Silver_1,Bronze_2,Gold_2,Silver_2,Bronze_3,Gold_3,Silver_3,Bronze_4,Gold_4,Silver_4,Bronze_5,Gold_5,Silver_5,Bronze_6,Gold_6,Silver_6,Bronze_7,Gold_7,Silver_7,Bronze_8,Gold_8,Silver_8,Bronze_9,Gold_9,Silver_9,Bronze_10,Gold_10,Silver_10,Bronze_11,Gold_11,Silver_11,Bronze_12,Gold_12,Silver_12,Bronze_13,Gold_13,Silver_13,Bronze_14,Gold_14,Silver_14,Bronze_15,Gold_15,Silver_15,Bronze_16,Gold_16,Silver_16,Bronze_17,Gold_17,Silver_17,Bronze_18,Gold_18,Silver_18,Bronze_19,Gold_19,Silver_19,Bronze_20,Gold_20,Silver_20,Bronze_21,Gold_21,Silver_21,Bronze_22,Gold_22,Silver_22,Bronze_23,Gold_23,Silver_23,Bronze_24,Gold_24,Silver_24,Bronze_25,Gold_25,Silver_25,Bronze_26,Gold_26,Silver_26,Bronze_27,Gold_27,Silver_27
AFG,Afghanistan,Asia,594,32 526 562,,,,,,,,,,,,,,,,,,,,,,,,,,,,,,,,,,,,,,,,,,,,,,,,,,,,,,,,,,,,,,,,,,,,,,,,,,,,1,,,1,,
AHO,Netherlands Antilles,South America,,,,,,,,,,,,,,,,,,,,,,,,,,,,,,,,,,,,,,,,,,,,,,,,,,,,,,,,,,,,,,,,,1,,,,,,,,,,,,,,,,,,
ALG,Algeria,Africa,4206,39 666 519,,,,,,,,,,,,,,,,,,,,,,,,,,,,,,,,,,,,,,,,,,,,,,,,,,,,,,,,,,2,,,,,,1,1,,1,2,,3,1,1,,,,1,,1,,1,
ARG,Argentina,South America,13432,43 416 755,,,,,,,,,,,,,,,,,,,2,6,3,5,3,24,,3,1,4,5,2,1,3,8,2,2,2,1,,1,1,,3,,,1,2,,,,,1,,,,,,,,,,12,,1,2,,,1,,19,3,,17,21,26,,31,20,,3,1,16
ARM,Armenia,Europe,3489,3 017 712,,,,,,,,,,,,,,,,,,,,,,,,,,,,,,,,,,,,,,,,,,,,,,,,,,,,,,,,,,,,,,,,,,,,1,1,1,,,,,,6,,,1,,1
AUS,Australia,Oceania,56311,23 781 169,,2,,3,2,,,,,,,,,,,1,,5,2,3,5,1,1,2,1,3,1,1,,,5,2,9,11,7,2,26,23,12,9,10,17,29,8,5,10,5,34,2,11,7,8,,16,5,5,2,29,7,14,10,18,6,16,14,27,84,32,16,54,60,69,30,49,78,76,31,42,59,19,36
AUT,Austria,Europe,43775,8 611 088,2,2,1,3,,3,1,,,1,,,5,,9,,,,1,,3,2,2,,3,1,1,4,5,41,3,1,,2,,1,4,,,,1,2,,,,3,,2,2,,1,1,,,1,1,3,1,1,1,,1,,,,6,2,,1,,3,1,1,3,4,2,,1,,,
AZE,Azerbaijan,Europe,5496,9 651 349,,,,,,,,,,,,,,,,,,,,,,,,,,,,,,,,,,,,,,,,,,,,,,,,,,,,,,,,,,,,,,,,,,,,,1,1,2,,4,1,,4,1,2,6,2,2
BAH,Bahamas,North America,22817,388 019,,,,,,,,,,,,,,,,,,,,,,,,,,,,,,,,,,,,,2,,,,,,,2,,,,,,,,,,,,,,,,,,,,1,,,,,5,,6,,1,1,,1,,4,,4,
BAR,Barbados,North America,15429,284 215,,,,,,,,,,,,,,,,,,,,,,,,,,,,,,,,,,,,,,,,,,,,,,,,,,,,,,,,,,,,,,,,,,,,,,1,,,,,,,,,,,
BDI,Burundi,Africa,277,11 178 921,,,,,,,,,,,,,,,,,,,,,,,,,,,,,,,,,,,,,,,,,,,,,,,,,,,,,,,,,,,,,,,,,,,,1,,,,,,,,,,,,,
BEL,Belgium,Europe,40324,11 285 721,,,,15,5,19,,,,6,1,24,9,9,1,65,57,66,6,3,29,4,,1,,,,12,,,8,4,2,,4,3,,,2,2,,2,1,2,,2,,1,,,2,6,,3,,1,,2,1,2,2,,,2,,1,2,2,2,4,,3,2,1,,,1,4,2,,1
BER,Bermuda,North America,,65 235,,,,,,,,,,,,,,,,,,,,,,,,,,,,,,,,,,,,,,,,,,,,,,,,,,,,1,,,,,,,,,,,,,,,,,,,,,,,,,,,,,
BLR,Belarus,Europe,5740,9 513 000,,,,,,,,,,,,,,,,,,,,,,,,,,,,,,,,,,,,,,,,,,,,,,,,,,,,,,,,,,,,,,,,,,,16,1,6,11,3,8,9,2,6,17,8,5,6,3,12
BOT,Botswana,Africa,6360,2 262 485,,,,,,,,,,,,,,,,,,,,,,,,,,,,,,,,,,,,,,,,,,,,,,,,,,,,,,,,,,,,,,,,,,,,,,,,,,,,,,,,,1
BRA,Brazil,South America,8539,207 847 528,,,,,,,,,,,,,,,,5,1,1,,,,,,,,,,,,,12,,,2,1,,,1,,13,,,12,,,3,,1,2,,,3,,,5,4,,2,1,34,5,1,22,,13,1,44,5,15,36,,12,3,18,19,27,14,34,11,14,34
BRN,Bahrain,Asia,22600,1 377 237,,,,,,,,,,,,,,,,,,,,,,,,,,,,,,,,,,,,,,,,,,,,,,,,,,,,,,,,,,,,,,,,,,,,,,,,,,,,,,,1,,
BUL,Bulgaria,Europe,6993,7 177 991,,,,,,,,,,,,,,,,,,,,,,,,,,,,,,,,,,1,,,14,1,3,3,1,3,2,3,5,3,2,21,6,6,10,18,8,13,40,8,46,,,,17,10,14,7,3,7,6,3,12,2,5,6,14,2,1,3,1,1,1,,1
CAN,Canada,North America,43249,35 851 774,,,,1,1,,,26,9,26,17,8,3,3,2,3,10,3,1,,19,21,7,5,23,2,13,9,1,12,5,,1,,1,3,5,5,9,,,9,1,2,2,4,3,3,8,,2,12,,8,,,,32,19,35,12,4,5,12,27,5,12,8,31,23,4,4,4,3,10,10,11,13,35,1,21
CHI,Chile,South America,13416,17 948 141,,,,,,,,,,,,,,,,,,,,,,,,1,,,,,,,,,,,,4,2,,2,,,,,,,,,,,,,,,,,,,,,,,,1,,,,,,,18,,,1,3,,,,1,,,
CHN,China,Asia,8028,1 371 220 000,,,,,,,,,,,,,,,,,,,,,,,,,,,,,,,,,,,,,,,,,,,,,,,,,,,,,,,,,,37,26,13,31,6,16,19,18,46,17,19,74,17,39,23,15,52,27,57,74,53,28,56,44
CIV,Cote d'Ivoire,Africa,1399,22 701 556,,,,,,,,,,,,,,,,,,,,,,,,,,,,,,,,,,,,,,,,,,,,,,,,,,,,,,,,,,,,1,,,,,,,,,,,,,,,,,,,,,
CMR,Cameroon,Africa,1217,23 344 179,,,,,,,,,,,,,,,,,,,,,,,,,,,,,,,,,,,,,,,,,,,,,,,,1,,,,,,,,,,1,,,,,,,,,,,,,18,,,1,,,1,,1,,
COL,Colombia,South America,6056,48 228 704,,,,,,,,,,,,,,,,,,,,,,,,,,,,,,,,,,,,,,,,,,,,,,,,,2,,1,,,,,,,,,1,1,,,1,,,,,,,1,,2,,,1,,1,4,1,3
CRC,Costa Rica,North America,11260,4 807 850,,,,,,,,,,,,,,,,,,,,,,,,,,,,,,,,,,,,,,,,,,,,,,,,,,,,,,,,,,,,,,,1,,,,,1,,2,,,,,,,,,,,
CRO,Croatia,Europe,11536,4 224 404,,,,,,,,,,,,,,,,,,,,,,,,,,,,,,,,,,,,,,,,,,,,,,,,,,,,,,,,,,,,,,,,3,,12,,16,13,9,1,,3,14,3,3,,2,16,15,4
CUB,Cuba,North America,,11 389 562,,,,,1,1,3,4,2,,,,,,,,,,,,,,,,,,,,,,,,2,,,,,,,,,,,,1,,,10,18,3,1,14,6,4,5,8,7,,,,,,,14,44,13,10,39,8,12,22,35,22,31,8,11,2,34,7,5,3
CYP,Cyprus,Europe,23243,1 165 300,,,,,,,,,,,,,,,,,,,,,,,,,,,,,,,,,,,,,,,,,,,,,,,,,,,,,,,,,,,,,,,,,,,,,,,,,,,,,,,,,1
CZE,Czech Republic,Europe,17548,10 551 219,,,,,,,,,,,,,,,,,,,,,,,,,,,,,,,,,,,,,,,,,,,,,,,,,,,,,,,,,,,,,,,,,,,4,4,5,4,2,3,5,1,6,,3,4,7,4,4
DEN,Denmark,Europe,51989,5 676 002,3,1,2,2,1,3,,,,3,,12,34,5,45,1,30,44,2,2,8,3,5,5,4,,5,3,,3,27,7,15,5,3,1,1,1,5,4,2,17,4,7,1,6,4,6,,1,,5,3,,2,4,2,10,,5,3,3,1,9,3,2,1,22,1,4,18,3,10,19,,6,6,6,8,3,5
DJI,Djibouti,Africa,1945,887 861,,,,,,,,,,,,,,,,,,,,,,,,,,,,,,,,,,,,,,,,,,,,,,,,,,,,,,,,,,,,,1,,,,,,,,,,,,,,,,,,,,
DOM,Dominican Republic,North America,6468,10 528 391,,,,,,,,,,,,,,,,,,,,,,,,,,,,,,,,,,,,,,,,,,,,,,,,,,,,,,,,,,1,,,,,,,,,,,,,,,,1,,,1,1,,1,1
ECU,Ecuador,South America,6205,16 144 363,,,,,,,,,,,,,,,,,,,,,,,,,,,,,,,,,,,,,,,,,,,,,,,,,,,,,,,,,,,,,,,,,,,,1,,,,,,,,,,1,,,
EGY,Egypt,Africa,3615,91 508 084,,,,,,,,,,,,,,,,,,,,,,1,2,1,,,,2,2,1,1,2,2,1,,,,,,1,,1,,,,,,,,,,,,,,,,,,1,,,,,,,,,,,,,3,1,1,1,,,1,,3
ERI,Eritrea,Africa,,,,,,,,,,,,,,,,,,,,,,,,,,,,,,,,,,,,,,,,,,,,,,,,,,,,,,,,,,,,,,,,,,,,,,,,,,,1,,,,,,,,
ESP,Spain,Europe,25832,46 418 269,,,,,2,,,,,,,,,,,,,24,,,,,3,,1,,,,,,,,3,,,1,,,,14,,,,,,,,,1,,,,,6,3,2,19,3,2,14,2,1,2,2,44,20,22,24,21,20,3,20,8,4,15,16,7,48,25,6,34
EST,Estonia,Europe,17119,1 311 998,,,,,,,,,,,,,,,,,1,2,4,1,1,6,2,1,,,,3,2,2,,,,,,,,,,,,,,,,,,,,,,,,,,,,,,,,,,2,1,,,,,2,1,,2,,1,,1,2,1,,1
ETH,Ethiopia,Africa,619,99 390 750,,,,,,,,,,,,,,,,,,,,,,,,,,,,,,,,,,,,,,,,,1,,,1,,,1,1,2,,,,,,2,2,,,,,,,,2,1,,1,2,,3,4,1,2,2,3,2,4,1,2,3,2
FIN,Finland,Europe,42311,5 482 013,,,,,,,,,,27,1,1,22,9,36,17,18,14,15,24,13,9,8,8,16,5,8,13,7,6,7,15,7,29,8,3,22,3,1,4,1,1,2,3,,1,1,2,6,3,1,,4,2,5,3,1,6,4,2,2,1,1,2,1,4,1,1,2,1,3,1,,,2,2,1,2,3,,2
FRA,France,Europe,36206,66 808 385,2,5,4,53,46,86,,,,21,9,5,5,10,10,55,13,73,20,39,63,13,7,16,6,23,8,18,12,13,21,25,22,16,14,9,13,6,13,5,,6,17,1,13,10,12,5,15,2,5,8,5,7,6,18,5,31,21,16,13,12,4,43,9,5,20,21,10,14,22,30,22,21,10,28,25,23,22,30,30
GAB,Gabon,Africa,8266,1 725 292,,,,,,,,,,,,,,,,,,,,,,,,,,,,,,,,,,,,,,,,,,,,,,,,,,,,,,,,,,,,,,,,,,,,,,,,,,,,,,,,,1
GBR,United Kingdom,Europe,43876,65 138 232,2,2,3,10,48,20,,1,1,68,144,135,58,44,58,17,55,35,20,17,29,24,6,25,14,8,12,8,12,16,11,6,39,26,3,2,22,8,15,15,2,11,5,4,19,5,8,5,12,8,9,11,6,15,22,5,18,43,9,20,15,22,16,39,8,3,9,2,15,13,22,20,15,17,25,21,31,25,48,48,30
GEO,Georgia,Europe,3796,3 679 000,,,,,,,,,,,,,,,,,,,,,,,,,,,,,,,,,,,,,,,,,,,,,,,,,,,,,,,,,,,,,,,,,,,2,,,6,,,,2,2,3,3,,3,1,3
GER,Germany,Europe,41313,81 413 145,2,26,5,10,11,19,5,4,4,7,4,11,23,10,19,0,0,0,0,0,0,39,20,13,5,7,26,59,88,63,0,0,0,26,0,14,0,0,0,0,0,0,0,0,0,37,29,34,92,73,79,72,120,75,61,112,87,52,31,74,91,107,89,60,81,57,47,42,35,65,31,23,63,41,45,43,42,16,21,45,28
GHA,Ghana,Africa,1370,27 409 893,,,,,,,,,,,,,,,,,,,,,,,,,,,,,,,,,,,,,,,,,,1,1,,,,,,1,,,,,,,,,,,,,,,13,,,,,,,,,,,,,,,,,
GRE,Greece,Europe,18002,10 823 732,22,10,20,,,,1,1,,,,3,1,1,,,,5,,,,,,,,,,,,,,,,,,,1,,,,3,,,,,1,,,,,2,,,,4,1,,1,,1,1,,,,2,,,4,4,8,4,6,5,8,18,4,,3,3,,
GRN,Grenada,North America,9212,106 825,,,,,,,,,,,,,,,,,,,,,,,,,,,,,,,,,,,,,,,,,,,,,,,,,,,,,,,,,,,,,,,,,,,,,,,,,,,,,,,,1,
GUA,Guatemala,North America,3903,16 342 897,,,,,,,,,,,,,,,,,,,,,,,,,,,,,,,,,,,,,,,,,,,,,,,,,,,,,,,,,,,,,,,,,,,,,,,,,,,,,,,,,1
GUY,Guyana,South America,4127,767 085,,,,,,,,,,,,,,,,,,,,,,,,,,,,,,,,,,,,,,,,,,,,,,,,,,,,,,,1,,,,,,,,,,,,,,,,,,,,,,,,,,
HAI,Haiti,North America,818,10 711 067,,,,,,,,,,,,,,,,,,,7,,,,,1,,,,,,,,,,,,,,,,,,,,,,,,,,,,,,,,,,,,,,,,,,,,,,,,,,,,,,,,,
HKG,Hong Kong,Asia,42328,7 305 700,,,,,,,,,,,,,,,,,,,,,,,,,,,,,,,,,,,,,,,,,,,,,,,,,,,,,,,,,,,,,,,,,,,,1,,,,,,,2,,,,1,,
HUN,Hungary,Europe,12364,9 844 686,3,2,1,2,1,2,1,2,1,5,6,7,3,10,17,,,,8,2,10,,9,11,8,20,4,16,25,1,21,15,24,32,52,17,14,30,20,36,13,16,7,42,7,29,32,20,25,10,46,35,14,6,40,8,13,,,,15,20,9,8,14,23,26,8,9,4,25,24,4,24,12,3,16,8,6,12,8
INA,Indonesia,Asia,3346,257 563 815,,,,,,,,,,,,,,,,,,,,,,,,,,,,,,,,,,,,,,,,,,,,,,,,,,,,,,,,,,,,,,,3,1,2,3,3,2,1,2,2,4,3,1,1,3,2,2,1,,2
IND,India,Asia,1598,1 311 050 527,,,,,,2,,,,,,,,,,,,,,,,,15,,,11,,,19,,,20,,1,14,,,17,,,,13,,15,,15,,,14,,,,,,,16,,,,,,,,,,,1,,,1,,,,,1,2,1,,4,,2
IRI,Iran,Asia,,79 109 272,,,,,,,,,,,,,,,,,,,,,,,,,,,,,,,1,,,4,,3,1,2,2,3,,1,2,,,2,2,1,1,,2,1,,1,,,,,,,,,1,2,,1,1,1,1,1,3,,2,2,2,1,1,,2,5,6
IRL,Ireland,Europe,61134,4 640 703,,,,,,,,,,,,,,,,,,,,,,,1,,,2,,,,,,,,,,1,3,1,1,,,,1,,,,,,,,,,,,1,,2,,,1,,,,,1,1,1,3,,,,1,,,,2,,1,4,1,1
IRQ,Iraq,Asia,4944,36 423 395,,,,,,,,,,,,,,,,,,,,,,,,,,,,,,,,,,,,,,,,1,,,,,,,,,,,,,,,,,,,,,,,,,,,,,,,,,,,,,,,,,
ISL,Iceland,Europe,50173,330 823,,,,,,,,,,,,,,,,,,,,,,,,,,,,,,,,,,,,,,,1,,,,,,,,,,,,,,,,,,,1,,,,,,,,,,,,1,,,,,,,,14,,,
ISR,Israel,Asia,35728,8 380 400,,,,,,,,,,,,,,,,,,,,,,,,,,,,,,,,,,,,,,,,,,,,,,,,,,,,,,,,,,,,,,,,1,,1,1,,,1,,,1,1,,1,,,,,
ISV,Virgin Islands,North America,,103 574,,,,,,,,,,,,,,,,,,,,,,,,,,,,,,,,,,,,,,,,,,,,,,,,,,,,,,,,,,,,,,,1,,,,,,,,,,,,,,,,,,
ITA,Italy,Europe,29958,60 802 085,,,,,2,2,,,,,2,5,2,18,1,7,68,9,21,25,5,31,18,21,18,21,38,5,36,30,12,20,31,15,17,21,10,25,11,34,36,18,9,13,28,19,5,8,13,9,3,4,2,25,8,8,21,28,29,6,8,11,10,14,22,10,28,19,24,29,22,14,39,24,39,20,8,14,30,16,22
JAM,Jamaica,North America,5232,2 725 941,,,,,,,,,,,,,,,,,,,,,,,,,,,,,,,,1,2,,5,3,,,,,,,,,,,,1,1,,,,1,1,3,,,2,,4,,,5,1,,3,12,1,3,9,,14,6,6,1,5,9,3,8,8,9
JPN,Japan,Asia,32477,126 958 472,,,,,,,,,,,,,,,,,,3,1,,,1,2,5,4,10,17,8,9,4,,,,2,1,9,5,4,15,10,9,10,27,32,5,22,16,29,8,29,19,10,25,6,,,,31,10,8,13,4,3,36,3,8,14,3,26,8,5,30,53,21,20,17,23,11,33,7,44
KAZ,Kazakhstan,Asia,10510,17 544 126,,,,,,,,,,,,,,,,,,,,,,,,,,,,,,,,,,,,,,,,,,,,,,,,,,,,,,,,,,,,,,,,,,,4,3,4,,3,4,3,1,4,7,2,4,6,3,1
KEN,Kenya,Africa,1377,46 050 302,,,,,,,,,,,,,,,,,,,,,,,,,,,,,,,,,,,,,,,,,,,1,,,2,3,7,4,5,3,,,,,,,2,1,,2,5,2,2,2,4,3,1,4,2,2,3,2,1,4,4,6,4,6,2,4
KGZ,Kyrgyzstan,Asia,1103,5 957 000,,,,,,,,,,,,,,,,,,,,,,,,,,,,,,,,,,,,,,,,,,,,,,,,,,,,,,,,,,,,,,,,,,,,,,1,,,,,,1,,1,,,
KOR,"Korea, South",Asia,27222,50 617 045,,,,,,,,,,,,,,,,,,,,,,,,,,,,,,,2,,,2,,,1,,1,,,,1,,2,1,,1,,,1,15,1,1,,,,7,6,29,12,28,37,16,28,5,7,10,49,35,12,26,10,14,28,26,41,11,32,18,13
KSA,Saudi Arabia,Asia,20482,31 540 372,,,,,,,,,,,,,,,,,,,,,,,,,,,,,,,,,,,,,,,,,,,,,,,,,,,,,,,,,,,,,,,,,,,,,,1,,1,,,,,,,4,,
KUW,Kuwait,Asia,29301,3 892 115,,,,,,,,,,,,,,,,,,,,,,,,,,,,,,,,,,,,,,,,,,,,,,,,,,,,,,,,,,,,,,,,,,,,,,1,,,,,,,,,1,,
LAT,Latvia,Europe,13649,1 978 440,,,,,,,,,,,,,,,,,,,,,,,,,,,1,1,,1,,,,,,,,,,,,,,,,,,,,,,,,,,,,,,,,,,1,,2,,,1,1,1,1,,,4,1,1,1,2,1,
LIB,Lebanon,Asia,8048,5 850 743,,,,,,,,,,,,,,,,,,,,,,,,,,,,,,,,,,1,,1,,,,,,,,,,,,,,,1,,,,1,,,,,,,,,,,,,,,,,,,,,,,,,,
LTU,Lithuania,Europe,14147,2 910 199,,,,,,,,,,,,,,,,,,,,,,,,,,,,,,,,,,,,,,,,,,,,,,,,,,,,,,,,,,,,,,,,12,1,,12,,,15,2,,,1,2,3,,2,2,2,1
LUX,Luxembourg,Europe,101450,569 676,,,,,,,,,,,,,,,,,,1,,,,,,,,,,,,,,,,,1,,,,,,,,,,,,,,,,,,,,,,,,,,,,,,,,,,,,,,,,,,,,,,
MAR,Morocco,Africa,2878,34 377 511,,,,,,,,,,,,,,,,,,,,,,,,,,,,,,,,,,,,,,,,,,1,,,,,,,,,,,,,,,,,2,,2,1,,1,1,1,2,,,4,,1,,2,1,1,,1,1,,
MAS,Malaysia,Asia,9768,30 331 007,,,,,,,,,,,,,,,,,,,,,,,,,,,,,,,,,,,,,,,,,,,,,,,,,,,,,,,,,,,,,,,,2,,,1,,2,,,,,,,,,1,1,,1
MDA,Moldova,Europe,1848,3 554 150,,,,,,,,,,,,,,,,,,,,,,,,,,,,,,,,,,,,,,,,,,,,,,,,,,,,,,,,,,,,,,,,,,,1,,2,1,,1,,,,1,,,,,
MEX,Mexico,North America,9005,127 017 224,,,,,,,,,,,,,,,,,,,,,,,,,,,2,16,,,4,4,1,,,1,1,1,,1,,,1,,,3,3,3,,,1,1,1,,11,,1,1,2,3,2,,,,,1,1,,,3,1,2,1,,3,2,2,,3,18,5
MGL,Mongolia,Asia,3968,2 959 134,,,,,,,,,,,,,,,,,,,,,,,,,,,,,,,,,,,,,,,,,,,,,,3,,1,,,1,,,1,2,,2,,,,1,,,2,,,1,,,,,,1,,,,2,2,3,,2
MKD,Macedonia,Europe,4853,2 078 453,,,,,,,,,,,,,,,,,,,,,,,,,,,,,,,,,,,,,,,,,,,,,,,,,,,,,,,,,,,,,,,,,,,,,,1,,,,,,,,,,,
MOZ,Mozambique,Africa,529,27 977 863,,,,,,,,,,,,,,,,,,,,,,,,,,,,,,,,,,,,,,,,,,,,,,,,,,,,,,,,,,,,,,,,,,,1,,,,1,,,,,,,,,,
MRI,Mauritius,Africa,9252,1 262 605,,,,,,,,,,,,,,,,,,,,,,,,,,,,,,,,,,,,,,,,,,,,,,,,,,,,,,,,,,,,,,,,,,,,,,,,,,,,1,,,,,
NAM,Namibia,Africa,4674,2 458 830,,,,,,,,,,,,,,,,,,,,,,,,,,,,,,,,,,,,,,,,,,,,,,,,,,,,,,,,,,,,,,,,,,2,,,2,,,,,,,,,,,,
NED,Netherlands,Europe,44300,16 936 520,,,,15,,5,,,,11,,,22,,,24,14,10,17,8,1,6,20,39,,2,10,21,9,7,32,8,2,,,18,,,,2,,1,16,5,9,1,6,7,2,3,1,13,,2,5,,1,14,20,6,36,3,5,8,5,20,26,38,9,23,27,29,22,4,50,4,40,18,19,21,29
NGR,Nigeria,Africa,2640,182 201 962,,,,,,,,,,,,,,,,,,,,,,,,,,,,,,,,,,,,,,,,,,,1,,,,,,1,,,,,,,,,4,,1,,,,4,,7,3,19,4,,,8,8,,,6,,18,,,
NIG,Niger,Africa,359,19 899 120,,,,,,,,,,,,,,,,,,,,,,,,,,,,,,,,,,,,,,,,,,,,,,,,,1,,,,,,,,,,,,,,,,,,,,,,,,,,,,,,,,
NOR,Norway,Europe,74400,5 195 921,,,,3,,6,,,,3,7,34,29,41,6,27,58,56,3,16,7,1,4,4,,,,15,1,12,11,3,4,,5,8,2,1,,,2,,,,,,4,2,4,2,2,,2,4,,,,3,,1,,2,21,1,2,20,20,2,3,19,21,4,2,5,,1,16,5,1,15,1
NZL,New Zealand,Oceania,37808,4 595 700,,,,,,,,,,,,,,,,1,,,1,,,,1,,,,2,,1,,,,,2,1,,,3,,1,2,,2,4,,2,5,,1,9,4,9,17,1,,,,6,16,1,16,4,4,5,1,9,4,3,2,3,1,,,4,2,8,4,2,14,9,3
PAK,Pakistan,Asia,1435,188 924 874,,,,,,,,,,,,,,,,,,,,,,,,,,,,,,,,,,,,,,,14,1,13,,,,16,,13,,,,15,16,,,,,,,16,,1,,,16,,,,,,,,,,,,,,,,,
PAN,Panama,North America,13268,3 929 141,,,,,,,,,,,,,,,,,,,,,,,,,,,,,,,2,,,,,,,,,,,,,,,,,,,,,,,,,,,,,,,,,,,,,,,,,,,,,,1,,,,
PAR,Paraguay,South America,4081,6 639 123,,,,,,,,,,,,,,,,,,,,,,,,,,,,,,,,,,,,,,,,,,,,,,,,,,,,,,,,,,,,,,,,,,,,,,,,,,,17,,,,,,
PER,Peru,South America,6027,31 376 670,,,,,,,,,,,,,,,,,,,,,,,,,,,,,,,,1,,,,,,,,,,,,,,,,,,,,,,,,,,,,1,,,12,,,1,,,,,,,,,,,,,,,
PHI,Philippines,Asia,2904,100 699 395,,,,,,,,,,,,,,,,,,,,,,1,,,3,,,1,,,,,,,,,,,,,,,,,1,,,,,,,,,,,,,,,,1,,,1,,,,,1,,,,,,,,,,,,
POL,Poland,Europe,12555,37 999 494,,,,,,,,,,,,,,,,,,,1,,4,14,1,3,14,2,3,4,,5,1,,,1,1,2,9,1,9,15,4,11,25,10,13,30,5,2,11,27,8,26,18,29,22,3,25,,,,10,2,9,19,5,18,7,7,7,7,7,10,6,4,2,1,6,13,8,3,1
POR,Portugal,Europe,19222,10 348 648,,,,,,,,,,,,,,,,,,,3,,,,,,,,,3,,,3,,2,2,,,,,,,,2,,,,,,,,,,,,2,,,,2,1,,,1,,,,,2,1,,2,,,1,,2,,1,1,,,2
PRK,"Korea, North",Asia,,25 155 317,,,,,,,,,,,,,,,,,,,,,,,,,,,,,,,,,,,,,,,,,,,,,,,,,13,1,1,,1,1,2,,3,,,,,,,6,4,,2,2,1,3,,1,1,,4,3,2,1,2,4,
PUR,Puerto Rico,North America,,3 474 182,,,,,,,,,,,,,,,,,,,,,,,,,,,,,,,1,,,,,,,,,,,,,,,,,,,,,1,,,,,,1,,1,,,,1,,,1,,,,,,,,,,,,1,,1
QAT,Qatar,Asia,73653,2 235 355,,,,,,,,,,,,,,,,,,,,,,,,,,,,,,,,,,,,,,,,,,,,,,,,,,,,,,,,,,,,,,,,1,,,,,,1,,,,,,,,,2,,
ROU,Romania,Europe,8973,19 832 389,,,,,,,,,,,,,,,,,,,23,,,,,,,,,,,2,,,,2,1,1,10,6,3,11,3,1,10,2,4,9,5,9,27,3,10,23,4,28,50,7,15,35,40,31,13,8,30,14,8,31,15,13,10,13,27,6,11,23,5,16,5,1,6,2,8
RSA,South Africa,Africa,5724,54 956 920,,,,,,,,,,,1,1,,5,2,6,3,12,1,1,1,5,1,,3,2,,,,1,1,2,1,4,2,8,7,,,2,,1,,,,,,,,,,,,,,,,,,,,,,,,3,1,3,1,3,,2,3,4,3,,,1,1,6,2
RUS,Russia,Europe,9093,144 096 812,,,,,,,,,,,,,,,,,,,,,,,,,,,,,,,,,,,,,,,,,,,,,,,,,,,,,,,,,,,,,,,,,,,34,36,45,54,66,68,96,47,49,56,43,44,51,47,32
SCG,Serbia,Europe,5235,7 098 247,,,,,,,,,,,,,,,,,,,,,,,,,,,,,,,,,,,,,,,,,,,,,,,,,,,,,,,,,,,,,,,,,,,,,,,,,,,14,,,,,,
SEN,Senegal,Africa,900,15 129 273,,,,,,,,,,,,,,,,,,,,,,,,,,,,,,,,,,,,,,,,,,,,,,,,,,,,,,,,,,,,,,,1,,,,,,,,,,,,,,,,,,
SIN,Singapore,Asia,52889,5 535 002,,,,,,,,,,,,,,,,,,,,,,,,,,,,,,,,,,,,,,,,,,1,,,,,,,,,,,,,,,,,,,,,,,,,,,,,,,,,,,,3,,,
SLO,Slovenia,Europe,20727,2 063 768,,,,,,,,,,,,,,,,,,,,,,,,,,,,,,,,,,,,,,,,,,,,,,,,,,,,,,,,,,,,,,,,6,,,,,2,,3,,3,,2,2,1,2,3,1,1
SRI,Sri Lanka,Asia,3926,20 966 000,,,,,,,,,,,,,,,,,,,,,,,,,,,,,,,,,1,,,,,,,,,,,,,,,,,,,,,,,,,,,,,,,,,,,,,,,1,,,,,,,,,
SUD,Sudan,Africa,2415,40 234 882,,,,,,,,,,,,,,,,,,,,,,,,,,,,,,,,,,,,,,,,,,,,,,,,,,,,,,,,,,,,,,,,,,,,,,,,,,,,,,1,,,
SUI,Switzerland,Europe,80945,8 286 976,,1,2,1,13,1,1,1,,,,,,,,21,6,2,21,13,31,5,16,8,,,1,24,1,22,5,5,22,12,2,19,3,,,6,,5,1,1,4,10,,3,,,8,6,1,3,,2,,6,,9,2,,6,,1,,,5,6,2,1,11,4,1,2,8,3,,,2,2
SUR,Suriname,South America,9485,542 975,,,,,,,,,,,,,,,,,,,,,,,,,,,,,,,,,,,,,,,,,,,,,,,,,,,,,,,,,,,,,,1,,1,,,,,,,,,,,,,,,,,
SVK,Slovakia,Europe,16088,5 424 050,,,,,,,,,,,,,,,,,,,,,,,,,,,,,,,,,,,,,,,,,,,,,,,,,,,,,,,,,,,,,,,,,,,1,1,1,1,2,3,5,3,2,1,4,5,4,,1
SWE,Sweden,Europe,50580,9 798 871,,,,1,,,,,,11,69,18,25,86,62,57,53,36,49,6,25,21,7,8,12,12,7,16,7,11,29,29,15,23,23,24,6,14,14,3,2,2,8,3,4,1,4,4,8,4,9,,9,1,9,3,6,11,3,18,11,,5,7,1,27,5,3,23,8,4,20,2,5,5,2,,5,3,2,18
SYR,Syria,Asia,,18 502 413,,,,,,,,,,,,,,,,,,,,,,,,,,,,,,,,,,,,,,,,,,,,,,,,,,,,,,,,,,,,1,,,,,,,,1,,,,,1,,,,,,,,
TAN,Tanzania,Africa,879,53 470 420,,,,,,,,,,,,,,,,,,,,,,,,,,,,,,,,,,,,,,,,,,,,,,,,,,,,,,,,,2,,,,,,,,,,,,,,,,,,,,,,,,
TCH,Czech Republic,Europe,17548,10 551 219,,,,,,,,,,,,,,,,10,,,5,1,4,2,2,12,1,1,2,,5,12,3,14,3,10,11,4,1,1,5,11,4,7,12,5,38,15,7,7,6,2,21,9,2,4,16,18,18,,,,3,3,4,1,4,3,,,,,,,,,,,,,,,
TGA,Tonga,Oceania,4099,106 170,,,,,,,,,,,,,,,,,,,,,,,,,,,,,,,,,,,,,,,,,,,,,,,,,,,,,,,,,,,,,,,,,,,,,1,,,,,,,,,,,,
THA,Thailand,Asia,5815,67 959 359,,,,,,,,,,,,,,,,,,,,,,,,,,,,,,,,,,,,,,,,,,,,,,,,,,,,1,,,,,,,,1,1,,,1,,,1,1,,2,1,,4,3,1,,2,2,2,,2
TJK,Tajikistan,Asia,926,8 481 855,,,,,,,,,,,,,,,,,,,,,,,,,,,,,,,,,,,,,,,,,,,,,,,,,,,,,,,,,,,,,,,,,,,,,,,,,,,,1,,1,1,,
TOG,Togo,Africa,560,7 304 578,,,,,,,,,,,,,,,,,,,,,,,,,,,,,,,,,,,,,,,,,,,,,,,,,,,,,,,,,,,,,,,,,,,,,,,,,,,,1,,,,,
TPE,Taiwan,Asia,,,,,,,,,,,,,,,,,,,,,,,,,,,,,,,,,,,,,,,,,,,,1,,,,1,,,,,,,,,,,,1,,,,,,,,20,,,1,4,,1,3,2,4,4,,,1,1,
TRI,Trinidad and Tobago,North America,17322,1 360 088,,,,,,,,,,,,,,,,,,,,,,,,,,,,,,,,,1,2,,,,,,,,,5,,1,,,,,,,,1,,,,,,,,,,,,,,2,,,1,,1,1,,,,,5,,,
TUN,Tunisia,Africa,3873,11 107 800,,,,,,,,,,,,,,,,,,,,,,,,,,,,,,,,,,,,,,,,,,,1,,1,1,1,,,,1,,,,,,,,,,,,,,,,1,,,,,,,,,,1,,1,2,
TUR,Turkey,Asia,9126,78 665 830,,,,,,,,,,,,,,,,,,,,,,,,,,,,1,1,,2,6,4,1,2,,2,3,2,,7,2,1,2,3,,2,,,,1,,,,,,,3,,,,1,1,2,2,2,1,4,1,2,3,,4,3,3,3,1,4,1,1,2
UAE,United Arab Emirates,Asia,40439,9 156 963,,,,,,,,,,,,,,,,,,,,,,,,,,,,,,,,,,,,,,,,,,,,,,,,,,,,,,,,,,,,,,,,,,,,,,,,,,1,,,,,,,
UGA,Uganda,Africa,705,39 032 383,,,,,,,,,,,,,,,,,,,,,,,,,,,,,,,,,,,,,,,,,,,,,,1,,1,,1,1,,,,,,1,,,,,,,,,,1,,,,,,,,,,,,,1,
UKR,Ukraine,Europe,2115,45 198 200,,,,,,,,,,,,,,,,,,,,,,,,,,,,,,,,,,,,,,,,,,,,,,,,,,,,,,,,,,,,,,,,,,,19,10,5,12,3,20,31,9,8,16,10,5,12,9,4
URS,Russia,Europe,9093,144 096 812,,,,,,,,,,,,,,,,,,,,,,,,,,,,,,,,,,19,36,62,55,68,46,45,61,63,50,61,63,60,66,62,58,107,46,79,113,93,123,192,127,,,,95,134,65,,,,,,,,,,,,,,,,,,
URU,Uruguay,South America,15574,3 431 555,,,,,,,,,,,,,,,,,,,,22,,,22,,1,,,,,,2,,1,14,,,12,,,,,,1,,,,,,,,,,,,,,,,,,,,,,,,,,,,,1,,,,,,,,,
USA,United States,North America,56116,321 418 820,2,11,7,14,27,14,111,146,137,15,34,14,31,45,25,38,110,45,51,110,37,17,43,24,59,78,44,15,51,26,35,83,30,28,79,23,20,61,37,21,68,23,36,78,36,35,83,31,43,53,59,36,63,56,,,,50,168,115,52,77,64,85,89,50,52,160,48,52,130,66,73,116,75,81,125,109,46,147,57
UZB,Uzbekistan,Asia,2132,31 299 500,,,,,,,,,,,,,,,,,,,,,,,,,,,,,,,,,,,,,,,,,,,,,,,,,,,,,,,,,,,,,,,,,,,1,,1,2,1,1,2,2,1,3,1,2,2,1,
VEN,Venezuela,South America,,31 108 083,,,,,,,,,,,,,,,,,,,,,,,,,,,,,,,,,,1,,,,,,1,,,,,,,1,,,,,,,1,,,1,3,,,,,,,,,,,,,,,2,,,1,,,,1,
VIE,Vietnam,Asia,2111,91 703 800,,,,,,,,,,,,,,,,,,,,,,,,,,,,,,,,,,,,,,,,,,,,,,,,,,,,,,,,,,,,,,,,,,,,,,,,1,,,,,,1,,,
ZAM,Zambia,Africa,1305,16 211 767,,,,,,,,,,,,,,,,,,,,,,,,,,,,,,,,,,,,,,,,,,,,,,,,,,,,,,,,,,1,,,,,,,,,,,1,,,,,,,,,,,,
ZIM,Zimbabwe,Africa,924,15 602 751,,,,,,,,,,,,,,,,,,,,,,,,,,,,,,,,,,,,,,,,,,,,,,,,,,,,,,,,16,,,,,,,,,,,,,,,,,1,1,1,,1,3,,,
